Cidade,Total_Vendas
Belo Horizonte,122718.09
Brasília,148013.25
Curitiba,60141.840000000004
Florianópolis,241477.94
Fortaleza,145752.43
Porto Alegre,102184.03
Recife,89779.56
Rio de Janeiro,131120.19999999998
Salvador,153825.68
São Paulo,114150.66
